{
    "loss": 32.88410186767578,
    "accuracy": 0.9357247352600098
}